Metric,Value
RMSE,14.252299270409965
MAE,6.448527831916626
R2,0.5067636666020966
