Metric,Value
RMSE,14.896339539533004
MAE,6.482928939329891
R2,0.46117924002477484
