Metric,Value
RMSE,14.57491936275846
MAE,6.8568925971490575
R2,0.48418078552427646
