Metric,Value
RMSE,14.645249619319252
MAE,6.84360634291852
R2,0.47919067552262107
